Category,Elements in category,Sensitivity (TPR),Elements classified as category,Precision (PPV)
canada,152,34.86842105263158%,72,73.61111111111111%
france,30,50.0%,31,48.38709677419355%
japan,99,65.65656565656566%,81,80.24691358024691%
uk,112,60.714285714285715%,87,78.16091954022988%
usa,2242,97.45762711864407%,2400,91.04166666666667%
west-germany,54,18.51851851851852%,18,55.55555555555556%
