Category,Elements in category,Sensitivity (TPR),Elements classified as category,Precision (PPV)
canada,317,28.07570977917981%,123,72.35772357723577%
france,89,60.674157303370784%,79,68.35443037974683%
japan,212,74.52830188679245%,192,82.29166666666667%
uk,306,68.62745098039215%,262,80.1526717557252%
usa,4319,97.61518870108821%,4654,90.58874086807047%
west-germany,134,38.80597014925373%,67,77.61194029850746%
