Category,Elements in category,Sensitivity (TPR),Elements classified as category,Precision (PPV)
canada,502,32.07171314741036%,231,69.6969696969697%
france,153,66.01307189542484%,128,78.90625%
japan,289,75.08650519031141%,261,83.14176245210729%
uk,549,74.31693989071039%,478,85.35564853556485%
usa,6373,97.31680527224228%,6834,90.75212174422008%
west-germany,199,52.26130653266332%,133,78.19548872180451%
