Category,Elements in category,Sensitivity (TPR),Elements classified as category,Precision (PPV)
canada,61,16.39344262295082%,23,43.47826086956522%
france,8,12.5%,3,33.333333333333336%
japan,34,32.35294117647059%,12,91.66666666666667%
uk,32,46.875%,27,55.55555555555556%
usa,1182,98.56175972927242%,1277,91.22944400939703%
west-germany,28,3.5714285714285716%,3,33.333333333333336%
