Category,Elements in category,Sensitivity (TPR),Elements classified as category,Precision (PPV)
canada,317,31.545741324921135%,258,38.75968992248062%
france,89,58.42696629213483%,90,57.77777777777778%
japan,212,72.16981132075472%,189,80.95238095238095%
uk,306,65.359477124183%,249,80.32128514056225%
usa,4319,94.48946515397083%,4507,90.54803638784114%
west-germany,134,43.28358208955224%,84,69.04761904761905%
