Category,Elements in category,Sensitivity (TPR),Elements classified as category,Precision (PPV)
canada,61,19.672131147540984%,13,92.3076923076923%
france,8,0.0%,2,0.0%
japan,34,41.1764705882353%,15,93.33333333333333%
uk,32,31.25%,18,55.55555555555556%
usa,1182,99.23857868020305%,1290,90.93023255813954%
west-germany,28,10.714285714285714%,7,42.857142857142854%
