Category,Elements in category,Sensitivity (TPR),Elements classified as category,Precision (PPV)
canada,514,29.571984435797667%,211,72.03791469194313%
france,138,60.14492753623188%,118,70.33898305084746%
japan,281,67.97153024911032%,228,83.7719298245614%
uk,558,70.43010752688173%,472,83.26271186440678%
usa,6378,97.19347757917842%,6935,89.38716654650324%
west-germany,195,34.35897435897436%,100,67.0%
