Category,Elements in category,Sensitivity (TPR),Elements classified as category,Precision (PPV)
canada,317,29.337539432176655%,129,72.09302325581395%
france,89,66.29213483146067%,86,68.6046511627907%
japan,212,75.94339622641509%,192,83.85416666666667%
uk,306,66.99346405228758%,257,79.76653696498055%
usa,4319,97.52257467006251%,4638,90.8150064683053%
west-germany,134,41.791044776119406%,75,74.66666666666667%
