Category,Elements in category,Sensitivity (TPR),Elements classified as category,Precision (PPV)
canada,152,5.2631578947368425%,49,16.3265306122449%
france,30,36.666666666666664%,27,40.74074074074074%
japan,99,39.39393939393939%,67,58.208955223880594%
uk,112,61.607142857142854%,134,51.492537313432834%
usa,2242,95.94112399643176%,2405,89.43866943866944%
west-germany,54,12.962962962962964%,7,100.0%
