Category,Elements in category,Sensitivity (TPR),Elements classified as category,Precision (PPV)
canada,317,28.07570977917981%,123,72.35772357723577%
france,89,53.93258426966292%,66,72.72727272727273%
japan,212,70.75471698113208%,181,82.87292817679558%
uk,306,65.68627450980392%,242,83.05785123966942%
usa,4319,97.89303079416531%,4698,89.99574286930608%
west-germany,134,38.80597014925373%,67,77.61194029850746%
