Category,Elements in category,Sensitivity (TPR),Elements classified as category,Precision (PPV)
canada,709,33.99153737658674%,308,78.24675324675324%
france,226,71.23893805309734%,195,82.56410256410257%
japan,418,79.1866028708134%,374,88.50267379679144%
uk,822,74.330900243309%,695,87.9136690647482%
usa,9622,98.202036998545%,10359,91.21536827879139%
west-germany,300,45.666666666666664%,166,82.53012048192771%
