Category,Elements in category,Sensitivity (TPR),Elements classified as category,Precision (PPV)
canada,317,26.498422712933753%,111,75.67567567567568%
france,89,53.93258426966292%,67,71.64179104477611%
japan,212,73.58490566037736%,194,80.41237113402062%
uk,306,65.68627450980392%,241,83.40248962655602%
usa,4319,97.84672377865246%,4701,89.8957668581153%
west-germany,134,35.82089552238806%,63,76.19047619047619%
