Category,Elements in category,Sensitivity (TPR),Elements classified as category,Precision (PPV)
canada,317,28.391167192429023%,125,72.0%
france,89,56.17977528089887%,66,75.75757575757575%
japan,212,65.09433962264151%,167,82.63473053892216%
uk,306,65.68627450980392%,237,84.81012658227849%
usa,4319,97.70780273211392%,4704,89.71088435374149%
west-germany,134,41.04477611940298%,78,70.51282051282051%
