Category,Elements in category,Sensitivity (TPR),Elements classified as category,Precision (PPV)
canada,152,32.89473684210526%,60,83.33333333333333%
france,30,40.0%,24,50.0%
japan,99,52.525252525252526%,69,75.3623188405797%
uk,112,53.57142857142857%,86,69.76744186046511%
usa,2242,97.5914362176628%,2421,90.37587773647253%
west-germany,54,22.22222222222222%,29,41.37931034482759%
