Category,Elements in category,Sensitivity (TPR),Elements classified as category,Precision (PPV)
canada,152,17.105263157894736%,52,50.0%
france,30,40.0%,20,60.0%
japan,99,54.54545454545455%,76,71.05263157894737%
uk,112,67.85714285714286%,97,78.35051546391753%
usa,2242,98.3942908117752%,2431,90.74454956807898%
west-germany,54,20.37037037037037%,13,84.61538461538461%
