Category,Elements in category,Sensitivity (TPR),Elements classified as category,Precision (PPV)
canada,152,35.526315789473685%,74,72.97297297297297%
france,30,50.0%,31,48.38709677419355%
japan,99,64.64646464646465%,80,80.0%
uk,112,60.714285714285715%,87,78.16091954022988%
usa,2242,97.32381801962534%,2394,91.14452798663325%
west-germany,54,24.074074074074073%,23,56.52173913043478%
